model_id,variant,protocol,seed,mAP50_val,precision_val,recall_val,mAP50_boot_point,mAP50_ci95_low,mAP50_ci95_high,n_gt_restricted,delta_pp,delta_ci_low_pp,delta_ci_high_pp,p_two_sided
M1m,M1,agnostic_test230_raw,0,0.041872,0.136512,0.158526,,,,,,,,
M1m,M1,agnostic_all2300_raw,0,0.044836,0.132709,0.15268,0.044602,0.040309,0.051002,,,,,
M1m,M1,agnostic_all2300_raw_testsubset,0,0.044836,0.132709,0.15268,0.042097,0.02974,0.064665,,,,,
M1m,M1,restricted_all_raw,0,,,,0.001639,0.001139,0.00261,432,,,,
M1m,M1,restricted_test_raw,0,,,,0.00101,0.000392,0.002512,31,,,,
M2m,M2,agnostic_test230_raw,0,0.051648,0.112078,0.120362,,,,,,,,
M2m,M2,agnostic_all2300_raw,0,0.036962,0.100957,0.125737,0.037315,0.034186,0.044033,,,,,
M2m,M2,agnostic_all2300_raw_testsubset,0,0.036962,0.100957,0.125737,0.051917,0.03525,0.074784,,,,,
M2m,M2,agnostic_all2300_pp,0,0.028583,0.071293,0.108897,0.028617,0.026021,0.031692,,,,,
M2m,M2,agnostic_test230_pp,0,0.028724,0.077112,0.090164,,,,,,,,
M2m,M2,restricted_all_raw,0,,,,0.000779,0.00056,0.001126,432,,,,
M2m,M2,restricted_all_pp,0,,,,0.00052,0.000363,0.000755,432,,,,
M2m,M2,restricted_test_raw,0,,,,0.000589,0.000105,0.001444,31,,,,
M2m,M2,paired_delta_vs_M1_all2300,0,,,,0.037315,,,,-0.7287,-1.2016,-0.146,0.014
M2m,M2,paired_delta_vs_M1_test230,0,,,,0.051917,,,,0.982,-1.1385,2.8196,0.402
M3m,M3,agnostic_test230_raw,0,0.028888,0.077092,0.10929,,,,,,,,
M3m,M3,agnostic_all2300_raw,0,0.028274,0.08105,0.112826,0.02844,0.025529,0.031782,,,,,
M3m,M3,agnostic_all2300_raw_testsubset,0,0.028274,0.08105,0.112826,0.029135,0.018502,0.042909,,,,,
M3m,M3,restricted_all_raw,0,,,,0.001571,0.001097,0.002466,432,,,,
M3m,M3,restricted_test_raw,0,,,,0.000979,0.000415,0.00196,31,,,,
M3m,M3,paired_delta_vs_M1_all2300,0,,,,0.02844,,,,-1.6163,-2.0338,-1.33,0.0
M3m,M3,paired_delta_vs_M1_test230,0,,,,0.029135,,,,-1.2962,-3.0026,-0.5416,0.0
M4m,M4,agnostic_test230_raw,0,0.041547,0.112207,0.10929,,,,,,,,
M4m,M4,agnostic_all2300_raw,0,0.033872,0.107254,0.111423,0.034271,0.031443,0.038047,,,,,
M4m,M4,agnostic_all2300_raw_testsubset,0,0.033872,0.107254,0.111423,0.042725,0.028396,0.061909,,,,,
M4m,M4,agnostic_all2300_pp,0,0.024474,0.067997,0.108336,0.025208,0.022618,0.027675,,,,,
M4m,M4,agnostic_test230_pp,0,0.022407,0.075218,0.114754,,,,,,,,
M4m,M4,restricted_all_raw,0,,,,0.000412,0.000257,0.000653,432,,,,
M4m,M4,restricted_all_pp,0,,,,0.000287,0.000173,0.000457,432,,,,
M4m,M4,restricted_test_raw,0,,,,0.000226,0.0,0.000788,31,,,,
M4m,M4,paired_delta_vs_M1_all2300,0,,,,0.034271,,,,-1.0332,-1.5416,-0.6259,0.0
M4m,M4,paired_delta_vs_M1_test230,0,,,,0.042725,,,,0.0628,-1.9866,1.4673,0.792
