control,model,setting,metric,value,mAP5095,P,R,ci95,n_gt,recall_at_0.25
multiscale_agnostic_all2300,M1m,imgsz=640,mAP@0.5,0.044836,0.012483,0.132709,0.15268,,,
multiscale_agnostic_all2300,M1m,imgsz=1024,mAP@0.5,0.064445,0.022059,0.162436,0.143138,,,
multiscale_agnostic_all2300,M1m,imgsz=1280,mAP@0.5,0.055427,0.018321,0.149246,0.136402,,,
multiscale_agnostic_all2300,M4m,imgsz=640,mAP@0.5,0.033872,0.010285,0.107254,0.111423,,,
multiscale_agnostic_all2300,M4m,imgsz=1024,mAP@0.5,0.038997,0.013586,0.110704,0.14398,,,
multiscale_agnostic_all2300,M4m,imgsz=1280,mAP@0.5,0.035897,0.009917,0.114237,0.145664,,,
tiling_640_defect_scale_matched,M1m,tiled_640_stride640_agnostic_nms0.7,mAP@0.5,0.024393,,,,"[0.020103, 0.032142]",,
tiling_640_defect_scale_matched,M4m,tiled_640_stride640_agnostic_nms0.7,mAP@0.5,0.014997,,,,"[0.009489, 0.016753]",,
per_gc10_class_agnostic,M1m,crease,AP50 + recall@0.25,0.000155,,,,,74,0.027027
per_gc10_class_agnostic,M1m,crescent_gap,AP50 + recall@0.25,0.01661,,,,,265,0.279245
per_gc10_class_agnostic,M1m,inclusion,AP50 + recall@0.25,0.001069,,,,,347,0.017291
per_gc10_class_agnostic,M1m,oil_spot,AP50 + recall@0.25,0.042799,,,,,569,0.161687
per_gc10_class_agnostic,M1m,punching_hole,AP50 + recall@0.25,0.036045,,,,,329,0.382979
per_gc10_class_agnostic,M1m,rolled_pit,AP50 + recall@0.25,0.00085,,,,,85,0.094118
per_gc10_class_agnostic,M1m,silk_spot,AP50 + recall@0.25,0.001531,,,,,884,0.002262
per_gc10_class_agnostic,M1m,waist_folding,AP50 + recall@0.25,0.0,,,,,143,0.0
per_gc10_class_agnostic,M1m,water_spot,AP50 + recall@0.25,0.010895,,,,,354,0.161017
per_gc10_class_agnostic,M1m,welding_line,AP50 + recall@0.25,6e-06,,,,,513,0.0
per_gc10_class_agnostic,M2m,crease,AP50 + recall@0.25,0.000131,,,,,74,0.013514
per_gc10_class_agnostic,M2m,crescent_gap,AP50 + recall@0.25,0.042968,,,,,265,0.30566
per_gc10_class_agnostic,M2m,inclusion,AP50 + recall@0.25,0.000379,,,,,347,0.008646
per_gc10_class_agnostic,M2m,oil_spot,AP50 + recall@0.25,0.01753,,,,,569,0.084359
per_gc10_class_agnostic,M2m,punching_hole,AP50 + recall@0.25,0.010608,,,,,329,0.018237
per_gc10_class_agnostic,M2m,rolled_pit,AP50 + recall@0.25,0.00018,,,,,85,0.0
per_gc10_class_agnostic,M2m,silk_spot,AP50 + recall@0.25,0.008981,,,,,884,0.05543
per_gc10_class_agnostic,M2m,waist_folding,AP50 + recall@0.25,8e-05,,,,,143,0.0
per_gc10_class_agnostic,M2m,water_spot,AP50 + recall@0.25,0.004249,,,,,354,0.025424
per_gc10_class_agnostic,M2m,welding_line,AP50 + recall@0.25,2.2e-05,,,,,513,0.0
per_gc10_class_agnostic,M3m,crease,AP50 + recall@0.25,0.000348,,,,,74,0.067568
per_gc10_class_agnostic,M3m,crescent_gap,AP50 + recall@0.25,0.014043,,,,,265,0.120755
per_gc10_class_agnostic,M3m,inclusion,AP50 + recall@0.25,0.000892,,,,,347,0.023055
per_gc10_class_agnostic,M3m,oil_spot,AP50 + recall@0.25,0.031763,,,,,569,0.147627
per_gc10_class_agnostic,M3m,punching_hole,AP50 + recall@0.25,0.008449,,,,,329,0.030395
per_gc10_class_agnostic,M3m,rolled_pit,AP50 + recall@0.25,0.000767,,,,,85,0.023529
per_gc10_class_agnostic,M3m,silk_spot,AP50 + recall@0.25,0.000291,,,,,884,0.001131
per_gc10_class_agnostic,M3m,waist_folding,AP50 + recall@0.25,0.0,,,,,143,0.0
per_gc10_class_agnostic,M3m,water_spot,AP50 + recall@0.25,0.007144,,,,,354,0.053672
per_gc10_class_agnostic,M3m,welding_line,AP50 + recall@0.25,3.7e-05,,,,,513,0.0
per_gc10_class_agnostic,M4m,crease,AP50 + recall@0.25,8.2e-05,,,,,74,0.0
per_gc10_class_agnostic,M4m,crescent_gap,AP50 + recall@0.25,0.028908,,,,,265,0.184906
per_gc10_class_agnostic,M4m,inclusion,AP50 + recall@0.25,0.000256,,,,,347,0.002882
per_gc10_class_agnostic,M4m,oil_spot,AP50 + recall@0.25,0.013935,,,,,569,0.068541
per_gc10_class_agnostic,M4m,punching_hole,AP50 + recall@0.25,0.01731,,,,,329,0.018237
per_gc10_class_agnostic,M4m,rolled_pit,AP50 + recall@0.25,4.7e-05,,,,,85,0.0
per_gc10_class_agnostic,M4m,silk_spot,AP50 + recall@0.25,0.011604,,,,,884,0.039593
per_gc10_class_agnostic,M4m,waist_folding,AP50 + recall@0.25,0.000347,,,,,143,0.006993
per_gc10_class_agnostic,M4m,water_spot,AP50 + recall@0.25,0.002085,,,,,354,0.011299
per_gc10_class_agnostic,M4m,welding_line,AP50 + recall@0.25,1.5e-05,,,,,513,0.0
preprocessing_at_test_time,M1m,gc10: raw vs preprocessed,mAP@0.5,raw=0.044836 pp=0.038581,,,,,,
preprocessing_at_test_time,M1m,neu: raw vs preprocessed,mAP@0.5,raw=0.734471 pp=0.531359,,,,,,
preprocessing_at_test_time,M2m,gc10: raw vs preprocessed,mAP@0.5,raw=0.036962 pp=0.028583,,,,,,
preprocessing_at_test_time,M2m,neu: raw vs preprocessed,mAP@0.5,raw=0.51118 pp=0.737584,,,,,,
preprocessing_at_test_time,M3m,gc10: raw vs preprocessed,mAP@0.5,raw=0.028274 pp=0.024334,,,,,,
preprocessing_at_test_time,M3m,neu: raw vs preprocessed,mAP@0.5,raw=0.746039 pp=0.53241,,,,,,
preprocessing_at_test_time,M4m,gc10: raw vs preprocessed,mAP@0.5,raw=0.033872 pp=0.024474,,,,,,
preprocessing_at_test_time,M4m,neu: raw vs preprocessed,mAP@0.5,raw=0.512938 pp=0.754711,,,,,,
