model,scale,n_images,n_conditional,pointing_game_all,pg_all_ci_low,pg_all_ci_high,pointing_game_cond,pg_cond_ci_low,pg_cond_ci_high,energy_in_gt,energy_ci_low,energy_ci_high,protocol
M1m,P3,270,229,0.4852,0.4222,0.5444,0.5066,0.441,0.5677,0.4483,0.4201,0.4783,target=max anchor class score (pre-NMS); conf_tp=0.25; B=1000; seed=20261005
M1m,P4,270,229,0.4481,0.3889,0.5037,0.4585,0.3974,0.5197,0.5033,0.4693,0.537,target=max anchor class score (pre-NMS); conf_tp=0.25; B=1000; seed=20261005
M1m,P5,270,229,0.2222,0.174,0.2741,0.2052,0.1528,0.262,0.5762,0.5122,0.6379,target=max anchor class score (pre-NMS); conf_tp=0.25; B=1000; seed=20261005
M1m,fused,270,229,0.4889,0.4333,0.5481,0.4978,0.4366,0.5633,0.4795,0.4486,0.5098,target=max anchor class score (pre-NMS); conf_tp=0.25; B=1000; seed=20261005
M3m,P3,270,242,0.5296,0.4667,0.5853,0.5579,0.4959,0.6157,0.4629,0.4339,0.4919,target=max anchor class score (pre-NMS); conf_tp=0.25; B=1000; seed=20261005
M3m,P4,270,242,0.4333,0.3741,0.4889,0.4339,0.3719,0.4959,0.4787,0.4454,0.5117,target=max anchor class score (pre-NMS); conf_tp=0.25; B=1000; seed=20261005
M3m,P5,270,242,0.237,0.1889,0.2926,0.2273,0.1776,0.2851,0.5058,0.4347,0.5804,target=max anchor class score (pre-NMS); conf_tp=0.25; B=1000; seed=20261005
M3m,fused,270,242,0.4815,0.4185,0.5407,0.4793,0.4132,0.5372,0.4648,0.4347,0.4967,target=max anchor class score (pre-NMS); conf_tp=0.25; B=1000; seed=20261005
M4m,P3,270,163,0.5444,0.4852,0.6037,0.5521,0.4785,0.6259,0.5078,0.4801,0.5355,target=max anchor class score (pre-NMS); conf_tp=0.25; B=1000; seed=20261005
M4m,P4,270,163,0.5333,0.4778,0.589,0.6319,0.5644,0.7055,0.6474,0.6146,0.6782,target=max anchor class score (pre-NMS); conf_tp=0.25; B=1000; seed=20261005
M4m,P5,270,163,0.2963,0.2444,0.3556,0.2577,0.1963,0.3313,0.5103,0.4589,0.5617,target=max anchor class score (pre-NMS); conf_tp=0.25; B=1000; seed=20261005
M4m,fused,270,163,0.5222,0.463,0.5778,0.5337,0.454,0.6074,0.5461,0.5179,0.5728,target=max anchor class score (pre-NMS); conf_tp=0.25; B=1000; seed=20261005
