model,gc10_class,scope,n_gt,AP50_agnostic,recall_at_0.25,tp_at_0.25,n_det_at_0.25
M1m,crease,all2300,74,0.000155,0.027027,2,2368
M1m,crease,test230,11,0.000316,,,
M1m,crescent_gap,all2300,265,0.01661,0.279245,74,2368
M1m,crescent_gap,test230,34,0.024186,,,
M1m,inclusion,all2300,347,0.001069,0.017291,6,2368
M1m,inclusion,test230,30,0.00094,,,
M1m,oil_spot,all2300,569,0.042799,0.161687,92,2368
M1m,oil_spot,test230,53,0.032868,,,
M1m,punching_hole,all2300,329,0.036045,0.382979,126,2368
M1m,punching_hole,test230,41,0.044076,,,
M1m,rolled_pit,all2300,85,0.00085,0.094118,8,2368
M1m,rolled_pit,test230,1,9e-05,,,
M1m,silk_spot,all2300,884,0.001531,0.002262,2,2368
M1m,silk_spot,test230,107,0.001187,,,
M1m,waist_folding,all2300,143,0.0,0.0,0,2368
M1m,waist_folding,test230,10,0.0,,,
M1m,water_spot,all2300,354,0.010895,0.161017,57,2368
M1m,water_spot,test230,29,0.00982,,,
M1m,welding_line,all2300,513,6e-06,0.0,0,2368
M1m,welding_line,test230,50,2e-05,,,
M2m,crease,all2300,74,0.000131,0.013514,1,1559
M2m,crease,test230,11,0.000191,,,
M2m,crescent_gap,all2300,265,0.042968,0.30566,81,1559
M2m,crescent_gap,test230,34,0.140689,,,
M2m,inclusion,all2300,347,0.000379,0.008646,3,1559
M2m,inclusion,test230,30,0.000389,,,
M2m,oil_spot,all2300,569,0.01753,0.084359,48,1559
M2m,oil_spot,test230,53,0.012747,,,
M2m,punching_hole,all2300,329,0.010608,0.018237,6,1559
M2m,punching_hole,test230,41,0.011925,,,
M2m,rolled_pit,all2300,85,0.00018,0.0,0,1559
M2m,rolled_pit,test230,1,0.0,,,
M2m,silk_spot,all2300,884,0.008981,0.05543,49,1559
M2m,silk_spot,test230,107,0.007978,,,
M2m,waist_folding,all2300,143,8e-05,0.0,0,1559
M2m,waist_folding,test230,10,5.8e-05,,,
M2m,water_spot,all2300,354,0.004249,0.025424,9,1559
M2m,water_spot,test230,29,0.005753,,,
M2m,welding_line,all2300,513,2.2e-05,0.0,0,1559
M2m,welding_line,test230,50,4.6e-05,,,
M3m,crease,all2300,74,0.000348,0.067568,5,1667
M3m,crease,test230,11,0.001012,,,
M3m,crescent_gap,all2300,265,0.014043,0.120755,32,1667
M3m,crescent_gap,test230,34,0.028607,,,
M3m,inclusion,all2300,347,0.000892,0.023055,8,1667
M3m,inclusion,test230,30,0.000822,,,
M3m,oil_spot,all2300,569,0.031763,0.147627,84,1667
M3m,oil_spot,test230,53,0.031109,,,
M3m,punching_hole,all2300,329,0.008449,0.030395,10,1667
M3m,punching_hole,test230,41,0.009417,,,
M3m,rolled_pit,all2300,85,0.000767,0.023529,2,1667
M3m,rolled_pit,test230,1,0.000204,,,
M3m,silk_spot,all2300,884,0.000291,0.001131,1,1667
M3m,silk_spot,test230,107,0.000498,,,
M3m,waist_folding,all2300,143,0.0,0.0,0,1667
M3m,waist_folding,test230,10,0.0,,,
M3m,water_spot,all2300,354,0.007144,0.053672,19,1667
M3m,water_spot,test230,29,0.004482,,,
M3m,welding_line,all2300,513,3.7e-05,0.0,0,1667
M3m,welding_line,test230,50,3.2e-05,,,
M4m,crease,all2300,74,8.2e-05,0.0,0,1561
M4m,crease,test230,11,0.0,,,
M4m,crescent_gap,all2300,265,0.028908,0.184906,49,1561
M4m,crescent_gap,test230,34,0.05286,,,
M4m,inclusion,all2300,347,0.000256,0.002882,1,1561
M4m,inclusion,test230,30,0.000152,,,
M4m,oil_spot,all2300,569,0.013935,0.068541,39,1561
M4m,oil_spot,test230,53,0.011301,,,
M4m,punching_hole,all2300,329,0.01731,0.018237,6,1561
M4m,punching_hole,test230,41,0.021437,,,
M4m,rolled_pit,all2300,85,4.7e-05,0.0,0,1561
M4m,rolled_pit,test230,1,0.0,,,
M4m,silk_spot,all2300,884,0.011604,0.039593,35,1561
M4m,silk_spot,test230,107,0.015402,,,
M4m,waist_folding,all2300,143,0.000347,0.006993,1,1561
M4m,waist_folding,test230,10,0.000493,,,
M4m,water_spot,all2300,354,0.002085,0.011299,4,1561
M4m,water_spot,test230,29,0.002896,,,
M4m,welding_line,all2300,513,1.5e-05,0.0,0,1561
M4m,welding_line,test230,50,5.4e-05,,,
